,Page Url
0,https://www.yelp.co.uk/search?find_desc=salon&find_loc=London&start=0
1,https://www.yelp.co.uk/search?find_desc=salon&find_loc=London&start=1
2,https://www.yelp.co.uk/search?find_desc=salon&find_loc=London&start=2
3,https://www.yelp.co.uk/search?find_desc=salon&find_loc=London&start=3
4,https://www.yelp.co.uk/search?find_desc=salon&find_loc=London&start=4
5,https://www.yelp.co.uk/search?find_desc=salon&find_loc=London&start=5
6,https://www.yelp.co.uk/search?find_desc=salon&find_loc=London&start=6
7,https://www.yelp.co.uk/search?find_desc=salon&find_loc=London&start=7
8,https://www.yelp.co.uk/search?find_desc=salon&find_loc=London&start=8
9,https://www.yelp.co.uk/search?find_desc=salon&find_loc=London&start=9
10,https://www.yelp.co.uk/search?find_desc=salon&find_loc=London&start=10
11,https://www.yelp.co.uk/search?find_desc=salon&find_loc=London&start=11
12,https://www.yelp.co.uk/search?find_desc=salon&find_loc=London&start=12
13,https://www.yelp.co.uk/search?find_desc=salon&find_loc=London&start=13
14,https://www.yelp.co.uk/search?find_desc=salon&find_loc=London&start=14
15,https://www.yelp.co.uk/search?find_desc=salon&find_loc=London&start=15
16,https://www.yelp.co.uk/search?find_desc=salon&find_loc=London&start=16
17,https://www.yelp.co.uk/search?find_desc=salon&find_loc=London&start=17
18,https://www.yelp.co.uk/search?find_desc=salon&find_loc=London&start=18
19,https://www.yelp.co.uk/search?find_desc=salon&find_loc=London&start=19
20,https://www.yelp.co.uk/search?find_desc=salon&find_loc=London&start=20
21,https://www.yelp.co.uk/search?find_desc=salon&find_loc=London&start=21
22,https://www.yelp.co.uk/search?find_desc=salon&find_loc=London&start=22
